,best,dlt,problem
0,46991.830748753564,0.76,50_1_1
1,48512.57157651026,0.76,50_1_1
2,47233.3194886813,0.76,50_1_1
3,46725.12751569296,0.76,50_1_1
4,46058.765103396116,0.76,50_1_1
5,46891.861172541554,0.76,50_1_1
6,46188.01535603395,0.76,50_1_1
7,46940.92099925197,0.76,50_1_1
8,50160.19494689878,0.76,50_1_1
9,47765.271746839535,0.76,50_1_1
10,49962.87718047843,0.76,50_1_2
11,49702.63832175563,0.76,50_1_2
12,49379.797786716095,0.76,50_1_2
13,49589.65988626635,0.76,50_1_2
14,50084.03622350149,0.76,50_1_2
15,50754.83523385136,0.76,50_1_2
16,49877.16354800449,0.76,50_1_2
17,49450.80044771518,0.76,50_1_2
18,50340.58079457031,0.76,50_1_2
19,49561.114245729026,0.76,50_1_2
20,59980.846356896334,0.76,50_1_3
21,60446.220121807506,0.76,50_1_3
22,59973.89401441243,0.76,50_1_3
23,59541.67599600241,0.76,50_1_3
24,59973.28689478291,0.76,50_1_3
25,59541.67599600241,0.76,50_1_3
26,60600.447054835866,0.76,50_1_3
27,59541.67599600241,0.76,50_1_3
28,61727.6928728109,0.76,50_1_3
29,59980.846356896334,0.76,50_1_3
30,65927.76629694752,0.76,50_1_4
31,63824.18611266362,0.76,50_1_4
32,68485.23926802962,0.76,50_1_4
33,66462.23164221413,0.76,50_1_4
34,65309.08062430672,0.76,50_1_4
35,66574.76242928475,0.76,50_1_4
36,66840.84758516322,0.76,50_1_4
37,66379.52594106401,0.76,50_1_4
38,66461.4499098569,0.76,50_1_4
39,66385.79196296951,0.76,50_1_4
40,47077.90298997986,0.76,50_2_1
41,48686.420113770335,0.76,50_2_1
42,46515.235663230895,0.76,50_2_1
43,48839.28435260685,0.76,50_2_1
44,46111.43664695289,0.76,50_2_1
45,46774.551716960996,0.76,50_2_1
46,46478.72037948287,0.76,50_2_1
47,45941.811933174075,0.76,50_2_1
48,47146.407720461524,0.76,50_2_1
49,45739.16086208989,0.76,50_2_1
50,49387.35184344392,0.76,50_2_2
51,49430.41873781083,0.76,50_2_2
52,47416.23666547685,0.76,50_2_2
53,48090.92077469601,0.76,50_2_2
54,47778.31112997508,0.76,50_2_2
55,48459.6514803637,0.76,50_2_2
56,47456.73761566541,0.76,50_2_2
57,47600.6827661099,0.76,50_2_2
58,49512.307735922,0.76,50_2_2
59,49050.05776826673,0.76,50_2_2
60,55536.85656910564,0.76,50_2_3
61,56321.96995123438,0.76,50_2_3
62,57484.07476926212,0.76,50_2_3
63,55514.63071034917,0.76,50_2_3
64,54481.181572381785,0.76,50_2_3
65,55890.58115210579,0.76,50_2_3
66,57103.9205077484,0.76,50_2_3
67,55332.89061823189,0.76,50_2_3
68,55890.58115210579,0.76,50_2_3
69,54765.546386148155,0.76,50_2_3
70,65372.22371869146,0.76,50_2_4
71,67638.15938621662,0.76,50_2_4
72,67502.156457628,0.76,50_2_4
73,66527.8947684385,0.76,50_2_4
74,62701.74257532305,0.76,50_2_4
75,65280.58749753318,0.76,50_2_4
76,63648.12310903446,0.76,50_2_4
77,64335.71342213406,0.76,50_2_4
78,65736.49073890536,0.76,50_2_4
79,65946.83890005296,0.76,50_2_4
80,75025.31378718767,0.76,80_1
81,71618.64705912527,0.76,80_1
82,76630.15618232591,0.76,80_1
83,70015.35935349147,0.76,80_1
84,77054.19373406199,0.76,80_1
85,78456.3549498535,0.76,80_1
86,73686.48826393155,0.76,80_1
87,76159.07614126163,0.76,80_1
88,74679.45165391802,0.76,80_1
89,75675.80385694509,0.76,80_1
90,82534.61537907839,0.76,80_2
91,79369.43922495552,0.76,80_2
92,81945.9724206991,0.76,80_2
93,81194.01253465297,0.76,80_2
94,81584.04624165251,0.76,80_2
95,82260.55165800224,0.76,80_2
96,79729.74616149845,0.76,80_2
97,80751.74571394299,0.76,80_2
98,79397.5105775403,0.76,80_2
99,84235.91444037578,0.76,80_2
100,78081.78065573196,0.76,80_3
101,73360.56430132917,0.76,80_3
102,77020.80856376994,0.76,80_3
103,78485.69237455801,0.76,80_3
104,76202.83598855327,0.76,80_3
105,78001.98161131429,0.76,80_3
106,79945.39889311987,0.76,80_3
107,79765.62725956578,0.76,80_3
108,75410.37432465976,0.76,80_3
109,74043.577506071,0.76,80_3
110,89624.49898254426,0.76,80_4
111,87292.30274176746,0.76,80_4
112,88552.61624824771,0.76,80_4
113,87291.41744519581,0.76,80_4
114,88505.77739593903,0.76,80_4
115,88329.07585174403,0.76,80_4
116,88496.18652856057,0.76,80_4
117,89036.69446426239,0.76,80_4
118,89798.57045284448,0.76,80_4
119,87546.75662698287,0.76,80_4
120,105156.44321090294,0.76,100_1
121,108942.28502243823,0.76,100_1
122,107330.89529733107,0.76,100_1
123,105323.42604475815,0.76,100_1
124,107204.73013298851,0.76,100_1
125,108786.48532773452,0.76,100_1
126,105445.92086168028,0.76,100_1
127,107496.73334370984,0.76,100_1
128,107592.99126735705,0.76,100_1
129,109703.28525872831,0.76,100_1
130,91370.73200064791,0.76,100_2
131,91564.56393693948,0.76,100_2
132,92735.69386421925,0.76,100_2
133,93786.12462381016,0.76,100_2
134,93002.13906501187,0.76,100_2
135,89939.75922915962,0.76,100_2
136,92376.83157993766,0.76,100_2
137,94017.69017895745,0.76,100_2
138,93063.76231128091,0.76,100_2
139,93513.8476789637,0.76,100_2
140,92926.83858789114,0.76,100_3
141,93521.15655799778,0.76,100_3
142,91150.7771366172,0.76,100_3
143,93419.50449255227,0.76,100_3
144,93680.75212623444,0.76,100_3
145,94622.83174003666,0.76,100_3
146,94128.66210600911,0.76,100_3
147,90278.4582148354,0.76,100_3
148,91618.9957480118,0.76,100_3
149,85989.43393404935,0.76,100_3
150,47050.592382206756,0.90,50_1_1
151,46262.163706689986,0.90,50_1_1
152,49993.024186051895,0.90,50_1_1
153,46109.89050916357,0.90,50_1_1
154,47771.217702337715,0.90,50_1_1
155,48062.73058167697,0.90,50_1_1
156,46118.15947395898,0.90,50_1_1
157,47338.92406208925,0.90,50_1_1
158,47444.10711570213,0.90,50_1_1
159,46182.31631204265,0.90,50_1_1
160,49304.789696048756,0.90,50_1_2
161,49463.89107641001,0.90,50_1_2
162,49745.31622615749,0.90,50_1_2
163,49840.96707824846,0.90,50_1_2
164,50019.20905262868,0.90,50_1_2
165,49596.57985733956,0.90,50_1_2
166,49194.30357619453,0.90,50_1_2
167,50074.315277443005,0.90,50_1_2
168,50703.20137977733,0.90,50_1_2
169,50134.42288618934,0.90,50_1_2
170,59541.67599600241,0.90,50_1_3
171,61532.510746186825,0.90,50_1_3
172,60600.447054835866,0.90,50_1_3
173,61727.6928728109,0.90,50_1_3
174,61532.510746186825,0.90,50_1_3
175,61727.6928728109,0.90,50_1_3
176,58528.924641529404,0.90,50_1_3
177,63762.165660571176,0.90,50_1_3
178,58541.737781532174,0.90,50_1_3
179,62185.22068421654,0.90,50_1_3
180,65263.02804773052,0.90,50_1_4
181,67534.66568419285,0.90,50_1_4
182,65407.49973831365,0.90,50_1_4
183,65719.00342877385,0.90,50_1_4
184,65165.83279287178,0.90,50_1_4
185,65225.511197880405,0.90,50_1_4
186,64778.39958198051,0.90,50_1_4
187,65148.79314935231,0.90,50_1_4
188,66169.13452521856,0.90,50_1_4
189,63912.62549201166,0.90,50_1_4
190,48540.06263854995,0.90,50_2_1
191,48176.4043643645,0.90,50_2_1
192,46486.67506210028,0.90,50_2_1
193,46683.46603111991,0.90,50_2_1
194,49070.28680757494,0.90,50_2_1
195,47246.52552661851,0.90,50_2_1
196,47761.150016713276,0.90,50_2_1
197,46818.00758129526,0.90,50_2_1
198,47737.7900490764,0.90,50_2_1
199,46543.7991497167,0.90,50_2_1
200,51424.61371008114,0.90,50_2_2
201,48679.83854031384,0.90,50_2_2
202,50296.12800392339,0.90,50_2_2
203,48958.41533602654,0.90,50_2_2
204,49186.4155460087,0.90,50_2_2
205,49526.62497825096,0.90,50_2_2
206,48518.259477205276,0.90,50_2_2
207,47549.93659613144,0.90,50_2_2
208,49419.91309941037,0.90,50_2_2
209,48819.95036752565,0.90,50_2_2
210,57054.0508581117,0.90,50_2_3
211,62059.289815564654,0.90,50_2_3
212,54673.89895120451,0.90,50_2_3
213,55890.58115210579,0.90,50_2_3
214,54765.546386148155,0.90,50_2_3
215,55134.42578731688,0.90,50_2_3
216,54673.89895120451,0.90,50_2_3
217,54678.73610806599,0.90,50_2_3
218,56080.91855173766,0.90,50_2_3
219,55565.95860329273,0.90,50_2_3
220,64867.25127038978,0.90,50_2_4
221,64262.248839343374,0.90,50_2_4
222,65401.25510599925,0.90,50_2_4
223,69031.46508782152,0.90,50_2_4
224,66031.14149866895,0.90,50_2_4
225,62392.71536883926,0.90,50_2_4
226,65060.74638137162,0.90,50_2_4
227,64229.47723423261,0.90,50_2_4
228,67112.33774160611,0.90,50_2_4
229,62799.67131122661,0.90,50_2_4
230,76188.25427170147,0.90,80_1
231,70678.92180996071,0.90,80_1
232,75081.17573100678,0.90,80_1
233,75418.21885024253,0.90,80_1
234,73918.13661205227,0.90,80_1
235,75199.66179629164,0.90,80_1
236,77487.4287639416,0.90,80_1
237,76049.03469337204,0.90,80_1
238,73640.182584254,0.90,80_1
239,75857.7676549447,0.90,80_1
240,83604.22334230453,0.90,80_2
241,83163.00437982263,0.90,80_2
242,80540.13442946589,0.90,80_2
243,80686.28486883701,0.90,80_2
244,80592.44342531802,0.90,80_2
245,82254.76842456256,0.90,80_2
246,80753.45999705077,0.90,80_2
247,81990.07848596068,0.90,80_2
248,78025.887488839,0.90,80_2
249,82479.70442734876,0.90,80_2
250,74952.66459397228,0.90,80_3
251,79798.56454703392,0.90,80_3
252,76873.60685711542,0.90,80_3
253,77633.34337474704,0.90,80_3
254,75055.42729418614,0.90,80_3
255,79606.6487399151,0.90,80_3
256,80104.99514051763,0.90,80_3
257,78042.05833209946,0.90,80_3
258,79633.88844224626,0.90,80_3
259,76862.36484635071,0.90,80_3
260,87505.16098754545,0.90,80_4
261,89382.1400010097,0.90,80_4
262,88283.55426278879,0.90,80_4
263,87478.64743666028,0.90,80_4
264,87246.18657972703,0.90,80_4
265,86935.40449744355,0.90,80_4
266,88904.46424502932,0.90,80_4
267,87871.57372289158,0.90,80_4
268,87915.4973425784,0.90,80_4
269,87451.81706431715,0.90,80_4
270,106127.32533330908,0.90,100_1
271,108915.8732173861,0.90,100_1
272,105932.05132214358,0.90,100_1
273,106909.21802834413,0.90,100_1
274,106674.85579089083,0.90,100_1
275,107695.96587934469,0.90,100_1
276,109468.72989067656,0.90,100_1
277,105188.0148149245,0.90,100_1
278,108596.54344439437,0.90,100_1
279,105093.3834451405,0.90,100_1
280,98572.59560311682,0.90,100_2
281,95278.14482316509,0.90,100_2
282,92428.57235428391,0.90,100_2
283,91537.30064447733,0.90,100_2
284,91422.7969647387,0.90,100_2
285,94604.16280711444,0.90,100_2
286,95834.68091244056,0.90,100_2
287,92008.09474393821,0.90,100_2
288,91921.61867270607,0.90,100_2
289,94239.43508999486,0.90,100_2
290,93547.9133497651,0.90,100_3
291,90001.6405520711,0.90,100_3
292,94973.63171838823,0.90,100_3
293,93366.39029698723,0.90,100_3
294,85139.42044829512,0.90,100_3
295,96045.552011462,0.90,100_3
296,92352.89243925561,0.90,100_3
297,93405.27546637322,0.90,100_3
298,85722.13572891304,0.90,100_3
299,94026.25729634034,0.90,100_3
300,47135.97256015173,1.00,50_1_1
301,47386.64420763632,1.00,50_1_1
302,47581.726159062586,1.00,50_1_1
303,47659.18298962017,1.00,50_1_1
304,46266.07849080073,1.00,50_1_1
305,46179.184458577554,1.00,50_1_1
306,46357.36554979309,1.00,50_1_1
307,47434.85073148535,1.00,50_1_1
308,46421.80826664534,1.00,50_1_1
309,47902.11339104906,1.00,50_1_1
310,49787.048061836096,1.00,50_1_2
311,49745.31622615749,1.00,50_1_2
312,50074.315277443005,1.00,50_1_2
313,49415.52266611011,1.00,50_1_2
314,49557.51513409946,1.00,50_1_2
315,49184.82595722317,1.00,50_1_2
316,49335.75652295374,1.00,50_1_2
317,50408.39308520476,1.00,50_1_2
318,49460.68418543286,1.00,50_1_2
319,50495.24225506733,1.00,50_1_2
320,61532.510746186825,1.00,50_1_3
321,59029.52707356955,1.00,50_1_3
322,58173.611438460764,1.00,50_1_3
323,62185.22068421654,1.00,50_1_3
324,61253.15699286558,1.00,50_1_3
325,58173.611438460764,1.00,50_1_3
326,59541.67599600241,1.00,50_1_3
327,59980.846356896334,1.00,50_1_3
328,64054.14519045311,1.00,50_1_3
329,60360.824732694266,1.00,50_1_3
330,64928.26482140536,1.00,50_1_4
331,67529.12283560513,1.00,50_1_4
332,64650.33613130462,1.00,50_1_4
333,65296.48851933799,1.00,50_1_4
334,65517.2474272563,1.00,50_1_4
335,65512.82377093767,1.00,50_1_4
336,65006.28763853248,1.00,50_1_4
337,66250.93224884634,1.00,50_1_4
338,65263.75448450136,1.00,50_1_4
339,65977.58492379403,1.00,50_1_4
340,47186.33377150503,1.00,50_2_1
341,45997.92576727354,1.00,50_2_1
342,46529.73611891682,1.00,50_2_1
343,47585.36702669553,1.00,50_2_1
344,46164.761535326266,1.00,50_2_1
345,46343.449088721434,1.00,50_2_1
346,47248.202151498175,1.00,50_2_1
347,46427.69701529683,1.00,50_2_1
348,46617.7625309632,1.00,50_2_1
349,46493.80132093715,1.00,50_2_1
350,47774.41897438904,1.00,50_2_2
351,47958.86507502209,1.00,50_2_2
352,47416.23666547685,1.00,50_2_2
353,48123.78456433768,1.00,50_2_2
354,47874.51737041521,1.00,50_2_2
355,48660.89773470663,1.00,50_2_2
356,49762.1694753275,1.00,50_2_2
357,47774.41897438904,1.00,50_2_2
358,49327.86163528895,1.00,50_2_2
359,47916.58535120144,1.00,50_2_2
360,56636.570754158936,1.00,50_2_3
361,57072.78406852952,1.00,50_2_3
362,55279.38363316345,1.00,50_2_3
363,54481.181572381785,1.00,50_2_3
364,54673.89895120451,1.00,50_2_3
365,55024.50798951213,1.00,50_2_3
366,56274.92331433577,1.00,50_2_3
367,55722.765345580076,1.00,50_2_3
368,55858.300824931284,1.00,50_2_3
369,56438.39514356859,1.00,50_2_3
370,65623.78748569087,1.00,50_2_4
371,66981.4375389383,1.00,50_2_4
372,67413.37101852012,1.00,50_2_4
373,65896.74095273053,1.00,50_2_4
374,65538.18401101032,1.00,50_2_4
375,65216.991114595905,1.00,50_2_4
376,62988.67536340753,1.00,50_2_4
377,66225.1959793281,1.00,50_2_4
378,64394.28080845674,1.00,50_2_4
379,62676.64347871792,1.00,50_2_4
380,70501.59256311695,1.00,80_1
381,77564.18604158895,1.00,80_1
382,75255.17679813704,1.00,80_1
383,76066.24384421814,1.00,80_1
384,77549.34776848278,1.00,80_1
385,74773.1360032997,1.00,80_1
386,72153.11417548772,1.00,80_1
387,77341.97066086224,1.00,80_1
388,70187.45948460382,1.00,80_1
389,70635.52108058262,1.00,80_1
390,80467.54767152162,1.00,80_2
391,81246.11834147,1.00,80_2
392,83002.44487420251,1.00,80_2
393,81447.31379464177,1.00,80_2
394,83499.34080258186,1.00,80_2
395,80539.02140655872,1.00,80_2
396,81185.196863801,1.00,80_2
397,84181.61841299623,1.00,80_2
398,80897.31557959519,1.00,80_2
399,81686.14665628207,1.00,80_2
400,77406.06860676172,1.00,80_3
401,78131.07803435437,1.00,80_3
402,79625.46759929508,1.00,80_3
403,74876.01641598955,1.00,80_3
404,74906.00115335223,1.00,80_3
405,79189.03726201932,1.00,80_3
406,74998.78491273004,1.00,80_3
407,78121.94577796364,1.00,80_3
408,78725.66832811217,1.00,80_3
409,78253.82438826222,1.00,80_3
410,87404.72881840481,1.00,80_4
411,86739.83234591794,1.00,80_4
412,88104.05108628851,1.00,80_4
413,87654.99514633835,1.00,80_4
414,88030.6544445715,1.00,80_4
415,88068.5321590406,1.00,80_4
416,89668.75963970755,1.00,80_4
417,87864.28994770788,1.00,80_4
418,87393.57693314308,1.00,80_4
419,88681.12124058779,1.00,80_4
420,107975.07316298464,1.00,100_1
421,107383.38838896406,1.00,100_1
422,106568.19153013326,1.00,100_1
423,108613.70093131869,1.00,100_1
424,108063.12490741847,1.00,100_1
425,107451.34798296244,1.00,100_1
426,107177.42110347556,1.00,100_1
427,106768.20302536608,1.00,100_1
428,107027.0390447958,1.00,100_1
429,106478.31615198439,1.00,100_1
430,92188.10866870073,1.00,100_2
431,91861.42495930976,1.00,100_2
432,93152.93709215595,1.00,100_2
433,92549.38068970446,1.00,100_2
434,93265.62937558605,1.00,100_2
435,100758.66900282173,1.00,100_2
436,91520.18656831767,1.00,100_2
437,91888.04810685923,1.00,100_2
438,92795.13346863989,1.00,100_2
439,93076.17999903392,1.00,100_2
440,94602.38605884771,1.00,100_3
441,86393.07447005407,1.00,100_3
442,91275.46494821332,1.00,100_3
443,91559.8913096266,1.00,100_3
444,91131.25307271081,1.00,100_3
445,97033.43526868646,1.00,100_3
446,90695.00503714314,1.00,100_3
447,94529.60220693011,1.00,100_3
448,88968.598957725,1.00,100_3
449,91732.42836157173,1.00,100_3
450,48767.646196952606,3.00,50_1_1
451,46429.849390545685,3.00,50_1_1
452,46796.27058247276,3.00,50_1_1
453,46481.08731312734,3.00,50_1_1
454,47171.2882068538,3.00,50_1_1
455,46986.680501161914,3.00,50_1_1
456,47054.10634739458,3.00,50_1_1
457,46883.042869862606,3.00,50_1_1
458,46027.85767704385,3.00,50_1_1
459,46907.06159989275,3.00,50_1_1
460,49599.30547449108,3.00,50_1_2
461,49561.114245729026,3.00,50_1_2
462,49992.585968652595,3.00,50_1_2
463,49540.5981796664,3.00,50_1_2
464,50073.062779609114,3.00,50_1_2
465,49191.215624387914,3.00,50_1_2
466,49502.8996445347,3.00,50_1_2
467,50436.20488354888,3.00,50_1_2
468,49816.993111100375,3.00,50_1_2
469,49779.81162789401,3.00,50_1_2
470,58528.924641529404,3.00,50_1_3
471,59541.67599600241,3.00,50_1_3
472,59980.846356896334,3.00,50_1_3
473,58173.611438460764,3.00,50_1_3
474,60071.26764536957,3.00,50_1_3
475,59541.67599600241,3.00,50_1_3
476,58714.96651372487,3.00,50_1_3
477,59541.67599600241,3.00,50_1_3
478,58173.611438460764,3.00,50_1_3
479,58714.96651372487,3.00,50_1_3
480,63825.736674743835,3.00,50_1_4
481,65944.6813578277,3.00,50_1_4
482,65017.139309450635,3.00,50_1_4
483,66473.29090609378,3.00,50_1_4
484,64999.15380032241,3.00,50_1_4
485,66334.45731483502,3.00,50_1_4
486,66879.00676697414,3.00,50_1_4
487,63429.09486073113,3.00,50_1_4
488,65984.16983532748,3.00,50_1_4
489,66323.84293626624,3.00,50_1_4
490,46328.22950490902,3.00,50_2_1
491,47600.133864171425,3.00,50_2_1
492,46611.1046795514,3.00,50_2_1
493,45806.93279866637,3.00,50_2_1
494,47212.04346621191,3.00,50_2_1
495,45824.652743361155,3.00,50_2_1
496,45680.54099962134,3.00,50_2_1
497,46065.0202090713,3.00,50_2_1
498,45857.90973630741,3.00,50_2_1
499,46045.407971976936,3.00,50_2_1
500,48156.73674208606,3.00,50_2_2
501,49499.39951459111,3.00,50_2_2
502,48780.80477162544,3.00,50_2_2
503,47778.31112997508,3.00,50_2_2
504,47416.23666547685,3.00,50_2_2
505,49427.852793632475,3.00,50_2_2
506,48168.86570730872,3.00,50_2_2
507,48770.310892450085,3.00,50_2_2
508,49720.37407460459,3.00,50_2_2
509,47783.98670736983,3.00,50_2_2
510,54481.181572381785,3.00,50_2_3
511,57218.39823965974,3.00,50_2_3
512,55134.598324088176,3.00,50_2_3
513,54481.181572381785,3.00,50_2_3
514,54765.546386148155,3.00,50_2_3
515,54765.546386148155,3.00,50_2_3
516,54481.181572381785,3.00,50_2_3
517,54740.14317574576,3.00,50_2_3
518,56714.049240356864,3.00,50_2_3
519,55536.85656910564,3.00,50_2_3
520,65268.8182350104,3.00,50_2_4
521,65299.90189852944,3.00,50_2_4
522,65735.64414321192,3.00,50_2_4
523,63418.87597948395,3.00,50_2_4
524,66137.26154073031,3.00,50_2_4
525,65849.39938274938,3.00,50_2_4
526,65963.23154484038,3.00,50_2_4
527,64495.577728766904,3.00,50_2_4
528,64294.02206050992,3.00,50_2_4
529,64104.47981664886,3.00,50_2_4
530,71341.87772601219,3.00,80_1
531,76187.39491093719,3.00,80_1
532,77921.93608886279,3.00,80_1
533,71947.8464178261,3.00,80_1
534,76256.42677124406,3.00,80_1
535,70544.27567393385,3.00,80_1
536,76009.66426447744,3.00,80_1
537,75045.3295902982,3.00,80_1
538,75651.59047729343,3.00,80_1
539,76087.7470375642,3.00,80_1
540,78835.60324631707,3.00,80_2
541,80375.70607424133,3.00,80_2
542,80688.6225254365,3.00,80_2
543,81459.25252334871,3.00,80_2
544,79613.09025657,3.00,80_2
545,82092.19016236554,3.00,80_2
546,82417.54967900127,3.00,80_2
547,80559.26032019698,3.00,80_2
548,81706.17291629213,3.00,80_2
549,80519.9949439435,3.00,80_2
550,75499.15696986693,3.00,80_3
551,80563.30296687264,3.00,80_3
552,77596.0102171943,3.00,80_3
553,75875.75344528524,3.00,80_3
554,76898.24461798139,3.00,80_3
555,82272.83377616027,3.00,80_3
556,79992.74483917991,3.00,80_3
557,75343.44673253727,3.00,80_3
558,79370.54892246274,3.00,80_3
559,73707.77374498892,3.00,80_3
560,87587.83345646496,3.00,80_4
561,86840.17285353072,3.00,80_4
562,87484.87906428188,3.00,80_4
563,86937.64094822935,3.00,80_4
564,86793.63624476857,3.00,80_4
565,87836.1311587771,3.00,80_4
566,86978.36655000507,3.00,80_4
567,87410.48278170066,3.00,80_4
568,90034.45272073732,3.00,80_4
569,87345.22134404647,3.00,80_4
570,107827.46156723598,3.00,100_1
571,107507.93435718563,3.00,100_1
572,106094.98820308437,3.00,100_1
573,107060.50141718416,3.00,100_1
574,107727.16866597344,3.00,100_1
575,108733.48725540192,3.00,100_1
576,106845.27542445001,3.00,100_1
577,106576.39544462712,3.00,100_1
578,106502.15899980407,3.00,100_1
579,108303.51854534115,3.00,100_1
580,92809.11615288648,3.00,100_2
581,99625.45194673035,3.00,100_2
582,92741.26553371259,3.00,100_2
583,92923.35990997919,3.00,100_2
584,90242.01225773343,3.00,100_2
585,89855.7599519475,3.00,100_2
586,103450.71129115284,3.00,100_2
587,94127.28929605967,3.00,100_2
588,101357.49606565273,3.00,100_2
589,102126.44293834054,3.00,100_2
590,91158.66559638151,3.00,100_3
591,99483.77719025465,3.00,100_3
592,90510.94130670754,3.00,100_3
593,91966.66397622942,3.00,100_3
594,92516.63643170964,3.00,100_3
595,92315.72379839975,3.00,100_3
596,91542.76430350207,3.00,100_3
597,91046.27078762304,3.00,100_3
598,99452.39891061187,3.00,100_3
599,89701.79242047778,3.00,100_3
600,46558.16009803737,5.00,50_1_1
601,47019.938918406726,5.00,50_1_1
602,47292.79981015714,5.00,50_1_1
603,47103.00991249009,5.00,50_1_1
604,46849.78972684426,5.00,50_1_1
605,47578.71110045178,5.00,50_1_1
606,47424.69429490637,5.00,50_1_1
607,47800.446439919055,5.00,50_1_1
608,46305.65639910211,5.00,50_1_1
609,47274.44533196356,5.00,50_1_1
610,50129.94202269003,5.00,50_1_2
611,49707.12499739545,5.00,50_1_2
612,49450.80044771518,5.00,50_1_2
613,49830.67666104832,5.00,50_1_2
614,50171.8764045156,5.00,50_1_2
615,49310.203317421234,5.00,50_1_2
616,49691.125785084005,5.00,50_1_2
617,50247.97874299958,5.00,50_1_2
618,49805.416734882994,5.00,50_1_2
619,49700.033355844316,5.00,50_1_2
620,58528.924641529404,5.00,50_1_3
621,59980.846356896334,5.00,50_1_3
622,58173.611438460764,5.00,50_1_3
623,58526.012186143154,5.00,50_1_3
624,58528.924641529404,5.00,50_1_3
625,58528.924641529404,5.00,50_1_3
626,58526.012186143154,5.00,50_1_3
627,58881.325389211794,5.00,50_1_3
628,63268.44176062066,5.00,50_1_3
629,58186.42457846354,5.00,50_1_3
630,65807.61082683099,5.00,50_1_4
631,65965.90960110065,5.00,50_1_4
632,66095.78215996479,5.00,50_1_4
633,66548.69415123123,5.00,50_1_4
634,64413.00413140733,5.00,50_1_4
635,64615.11806168458,5.00,50_1_4
636,65641.72698895104,5.00,50_1_4
637,65309.00560011517,5.00,50_1_4
638,66310.08995958455,5.00,50_1_4
639,64861.551428449355,5.00,50_1_4
640,45760.51016400376,5.00,50_2_1
641,48867.93830833639,5.00,50_2_1
642,45844.06104526154,5.00,50_2_1
643,46434.650599186556,5.00,50_2_1
644,45651.30426125773,5.00,50_2_1
645,46588.11596046851,5.00,50_2_1
646,45801.09040947624,5.00,50_2_1
647,45879.854437899034,5.00,50_2_1
648,45737.439096398135,5.00,50_2_1
649,45714.70291880402,5.00,50_2_1
650,49925.395033151966,5.00,50_2_2
651,49279.56862728828,5.00,50_2_2
652,47678.21273394891,5.00,50_2_2
653,47874.51737041521,5.00,50_2_2
654,48958.41533602654,5.00,50_2_2
655,47778.31112997508,5.00,50_2_2
656,48811.57883325026,5.00,50_2_2
657,48977.78328274734,5.00,50_2_2
658,49384.29868428337,5.00,50_2_2
659,47646.14283657158,5.00,50_2_2
660,54765.546386148155,5.00,50_2_3
661,54678.73610806599,5.00,50_2_3
662,54678.73610806599,5.00,50_2_3
663,54665.63604429443,5.00,50_2_3
664,54678.73610806599,5.00,50_2_3
665,54678.73610806599,5.00,50_2_3
666,54678.73610806599,5.00,50_2_3
667,54765.546386148155,5.00,50_2_3
668,55438.155434546934,5.00,50_2_3
669,54481.181572381785,5.00,50_2_3
670,65878.40551490783,5.00,50_2_4
671,63070.03684620319,5.00,50_2_4
672,66888.031755056,5.00,50_2_4
673,63251.20699872441,5.00,50_2_4
674,65721.67078223014,5.00,50_2_4
675,64742.12220060063,5.00,50_2_4
676,63372.96607825025,5.00,50_2_4
677,64478.18763235843,5.00,50_2_4
678,64783.17562202786,5.00,50_2_4
679,64956.40241973249,5.00,50_2_4
680,76004.35357629132,5.00,80_1
681,71989.63136416364,5.00,80_1
682,70140.8305253117,5.00,80_1
683,71345.91695940206,5.00,80_1
684,76865.54942935734,5.00,80_1
685,83055.98556095807,5.00,80_1
686,70253.95712224887,5.00,80_1
687,76178.06070186128,5.00,80_1
688,76942.00079437673,5.00,80_1
689,76995.20999431667,5.00,80_1
690,81381.38835574132,5.00,80_2
691,82214.50610077861,5.00,80_2
692,82185.55101576148,5.00,80_2
693,80230.24364356513,5.00,80_2
694,80958.69148817984,5.00,80_2
695,80492.48170617639,5.00,80_2
696,78322.30943666922,5.00,80_2
697,82130.54372231425,5.00,80_2
698,81597.06570792099,5.00,80_2
699,82388.20112170845,5.00,80_2
700,79550.35875862982,5.00,80_3
701,79857.2040771484,5.00,80_3
702,78220.12082774281,5.00,80_3
703,79167.34705614553,5.00,80_3
704,79523.8947027289,5.00,80_3
705,75627.74397682327,5.00,80_3
706,81699.21145792407,5.00,80_3
707,81678.2790312991,5.00,80_3
708,74989.86448382767,5.00,80_3
709,78841.28221614077,5.00,80_3
710,88897.78893721459,5.00,80_4
711,88497.06641956742,5.00,80_4
712,87531.00910266557,5.00,80_4
713,87191.77807532516,5.00,80_4
714,89115.00293044184,5.00,80_4
715,88921.36777332379,5.00,80_4
716,88664.6388781348,5.00,80_4
717,86694.60148044914,5.00,80_4
718,87190.6360758325,5.00,80_4
719,87822.51772510051,5.00,80_4
720,106796.13696501678,5.00,100_1
721,105398.95228531443,5.00,100_1
722,106264.5439566061,5.00,100_1
723,106113.21959363062,5.00,100_1
724,107081.03971295485,5.00,100_1
725,105756.41892112726,5.00,100_1
726,107241.73024943653,5.00,100_1
727,107397.41888945558,5.00,100_1
728,110945.3372917761,5.00,100_1
729,108476.82665239897,5.00,100_1
730,88279.68574724578,5.00,100_2
731,85023.92579321424,5.00,100_2
732,96383.68845638538,5.00,100_2
733,99865.2289814246,5.00,100_2
734,91713.19825704748,5.00,100_2
735,95821.42775228663,5.00,100_2
736,95733.62980283554,5.00,100_2
737,100633.45082575477,5.00,100_2
738,98300.48699778486,5.00,100_2
739,93353.0101712692,5.00,100_2
740,96820.18092742389,5.00,100_3
741,93185.61019454425,5.00,100_3
742,85265.44442216535,5.00,100_3
743,98718.6350905283,5.00,100_3
744,99290.119328612,5.00,100_3
745,96151.04222888112,5.00,100_3
746,95927.95808125599,5.00,100_3
747,95459.58020492044,5.00,100_3
748,91256.94730827902,5.00,100_3
749,91125.74182487442,5.00,100_3
750,46413.67338030598,10.00,50_1_1
751,47993.41535331329,10.00,50_1_1
752,47840.21612929263,10.00,50_1_1
753,46598.33494366824,10.00,50_1_1
754,46058.765103396116,10.00,50_1_1
755,46314.36531086857,10.00,50_1_1
756,46599.39656989441,10.00,50_1_1
757,47411.336106281204,10.00,50_1_1
758,45948.01028239651,10.00,50_1_1
759,46736.94434966131,10.00,50_1_1
760,49716.133765560226,10.00,50_1_2
761,49300.14429383598,10.00,50_1_2
762,49703.48080813432,10.00,50_1_2
763,49596.52411599181,10.00,50_1_2
764,51065.45213377157,10.00,50_1_2
765,49667.014092817386,10.00,50_1_2
766,49194.30357619453,10.00,50_1_2
767,49813.96692798855,10.00,50_1_2
768,49645.209375168415,10.00,50_1_2
769,50097.53546885628,10.00,50_1_2
770,60600.447054835866,10.00,50_1_3
771,58526.012186143154,10.00,50_1_3
772,58173.611438460764,10.00,50_1_3
773,58528.924641529404,10.00,50_1_3
774,58173.611438460764,10.00,50_1_3
775,59174.030380783595,10.00,50_1_3
776,58714.96651372487,10.00,50_1_3
777,58528.924641529404,10.00,50_1_3
778,58913.944375546096,10.00,50_1_3
779,59025.473567100096,10.00,50_1_3
780,66168.99310545558,10.00,50_1_4
781,64612.48359887149,10.00,50_1_4
782,65053.320402502824,10.00,50_1_4
783,65562.33363593734,10.00,50_1_4
784,65206.626695747065,10.00,50_1_4
785,65204.10842075136,10.00,50_1_4
786,65332.83067577217,10.00,50_1_4
787,66325.35797160056,10.00,50_1_4
788,66898.7804120611,10.00,50_1_4
789,66638.88861233412,10.00,50_1_4
790,45709.93864041271,10.00,50_2_1
791,45722.974892254555,10.00,50_2_1
792,46277.75270483098,10.00,50_2_1
793,46583.02326636043,10.00,50_2_1
794,46182.67314621959,10.00,50_2_1
795,45526.028860731414,10.00,50_2_1
796,45328.78852801027,10.00,50_2_1
797,45583.30868759402,10.00,50_2_1
798,45690.45604312326,10.00,50_2_1
799,46190.03518294472,10.00,50_2_1
800,47549.93659613144,10.00,50_2_2
801,47600.6827661099,10.00,50_2_2
802,49338.06412811766,10.00,50_2_2
803,48058.96347104826,10.00,50_2_2
804,49063.14539302163,10.00,50_2_2
805,49841.00194075809,10.00,50_2_2
806,47958.86507502209,10.00,50_2_2
807,48058.96347104826,10.00,50_2_2
808,49159.35163346176,10.00,50_2_2
809,47416.23666547685,10.00,50_2_2
810,55670.88604287495,10.00,50_2_3
811,54481.181572381785,10.00,50_2_3
812,54481.181572381785,10.00,50_2_3
813,54765.546386148155,10.00,50_2_3
814,55670.88604287495,10.00,50_2_3
815,54678.73610806599,10.00,50_2_3
816,55670.88604287495,10.00,50_2_3
817,54765.546386148155,10.00,50_2_3
818,54765.546386148155,10.00,50_2_3
819,55670.88604287495,10.00,50_2_3
820,64924.618548216495,10.00,50_2_4
821,64956.70745581784,10.00,50_2_4
822,63003.01667525545,10.00,50_2_4
823,63638.26149412591,10.00,50_2_4
824,64319.814087371095,10.00,50_2_4
825,64006.26696500828,10.00,50_2_4
826,64498.73477979499,10.00,50_2_4
827,62719.13767559892,10.00,50_2_4
828,63278.46793360321,10.00,50_2_4
829,63786.83570187403,10.00,50_2_4
830,76987.4019605652,10.00,80_1
831,77107.1832854623,10.00,80_1
832,74949.86061657229,10.00,80_1
833,80127.82089863071,10.00,80_1
834,75400.66450807391,10.00,80_1
835,77747.80283965502,10.00,80_1
836,72338.93263561306,10.00,80_1
837,75204.63837163491,10.00,80_1
838,75434.88527538623,10.00,80_1
839,79119.15784323517,10.00,80_1
840,83373.77066167557,10.00,80_2
841,80434.93307444354,10.00,80_2
842,84755.56436352376,10.00,80_2
843,82787.3016748956,10.00,80_2
844,80799.45104583935,10.00,80_2
845,82270.76055532586,10.00,80_2
846,81416.44800240298,10.00,80_2
847,82130.96141524686,10.00,80_2
848,83085.00783586863,10.00,80_2
849,83121.62160831378,10.00,80_2
850,75284.62283218249,10.00,80_3
851,76147.63624771952,10.00,80_3
852,79327.17594938382,10.00,80_3
853,75475.5901754756,10.00,80_3
854,82382.39655958107,10.00,80_3
855,76123.19272297759,10.00,80_3
856,76499.1472736574,10.00,80_3
857,80643.49787703165,10.00,80_3
858,76275.8466337002,10.00,80_3
859,75873.58814615589,10.00,80_3
860,88803.437280712,10.00,80_4
861,88302.54522782183,10.00,80_4
862,88008.87567588527,10.00,80_4
863,88022.37327430415,10.00,80_4
864,88420.95634154805,10.00,80_4
865,88443.85393595787,10.00,80_4
866,86978.33820141478,10.00,80_4
867,87200.42035915237,10.00,80_4
868,86640.9977972142,10.00,80_4
869,86872.00035845276,10.00,80_4
870,105502.17403497238,10.00,100_1
871,108310.68194614747,10.00,100_1
872,107809.88946236306,10.00,100_1
873,104160.02012107443,10.00,100_1
874,105268.78926429969,10.00,100_1
875,104978.72066654784,10.00,100_1
876,105500.547576762,10.00,100_1
877,105339.27006740312,10.00,100_1
878,107778.34380378926,10.00,100_1
879,108016.24726831593,10.00,100_1
880,94651.36554280667,10.00,100_2
881,91043.88975122114,10.00,100_2
882,95848.3479996615,10.00,100_2
883,95916.88527692689,10.00,100_2
884,100277.63355253157,10.00,100_2
885,95914.33644474696,10.00,100_2
886,96383.67560823473,10.00,100_2
887,97233.79096271293,10.00,100_2
888,96623.39415301291,10.00,100_2
889,93113.70549908803,10.00,100_2
890,93470.74143533062,10.00,100_3
891,96713.30849982197,10.00,100_3
892,100562.41687418072,10.00,100_3
893,95347.43839399327,10.00,100_3
894,97220.64487242578,10.00,100_3
895,94493.63000072101,10.00,100_3
896,94875.56425930948,10.00,100_3
897,97019.25976282393,10.00,100_3
898,96007.28768536352,10.00,100_3
899,99867.48455212674,10.00,100_3
